FID,LAD23CD,LAD23NM,LAD23NMW,BNG_E,BNG_N,LONG,LAT,Shape__Area,Shape__Length,GlobalID
1,E06000001,Hartlepool, ,447160,531474,-1.27018,54.67614,96603611.8777313,50733.6220010752,b667b950-b923-4022-af00-6635c50ac4f5
2,E06000002,Middlesbrough, ,451141,516887,-1.21099,54.54467,55230925.9235535,35500.2899879195,246c8f1c-2085-4e03-9fa3-467b81c9c605
3,E06000003,Redcar and Cleveland, ,464361,519597,-1.00608,54.56752,248314875.052551,85085.402109369,34b2e488-7b1d-44f1-8fdf-3388895b4e6a
4,E06000004,Stockton-on-Tees, ,444940,518179,-1.30664,54.55687,205175992.440811,88842.636125599,7c12f443-acef-403a-9e38-fd5e0c36ef6b
5,E06000005,Darlington, ,428029,515648,-1.56835,54.53534,198236890.87088,90977.686391216,c53abdad-bdef-446f-adef-c5bb6208cf83
6,E06000006,Halton, ,354246,382146,-2.68853,53.33424,80380640.6577301,67017.0442134404,ba9be052-3bfe-4834-b03a-1391f27fcd5e
7,E06000007,Warrington, ,362744,388457,-2.56167,53.39164,178558338.844109,72259.4892197025,a97e8dbe-b98d-44ea-9a53-62f9a19b4892
8,E06000008,Blackburn with Darwen, ,369489,422806,-2.46361,53.7008,139459823.523758,55078.4204900098,5a4da07a-9ed5-47e1-81b1-5d477a183055
9,E06000009,Blackpool, ,332819,436635,-3.02199,53.82164,33560336.2812653,29842.638161522,1096c7f3-2885-4567-be80-e55938553f44
10,E06000010,"Kingston upon Hull, City of", ,511892,431651,-0.30385,53.76921,70864432.0178528,40935.3214478325,175fdc30-c2aa-4fb2-b9ac-0bd05fa4b324
11,E06000011,East Riding of Yorkshire, ,488056,443597,-0.66195,53.88112,2407866941.82941,344625.402863536,8b8bf5d5-abcb-4357-b555-374327306a9c
12,E06000012,North East Lincolnshire, ,523465,404564,-0.13911,53.52327,190561036.793091,78299.3782692955,b33c8c25-a139-4de9-ab2c-c17caa8d2c92
13,E06000013,North Lincolnshire, ,497800,410993,-0.52407,53.58643,849079577.379776,183045.100993147,f96c2fb6-c9eb-4df9-a4ba-06ee0854a17b
14,E06000014,York, ,460863,452590,-1.07376,53.96583,274859577.356049,84097.2994135012,b080ad99-86ae-4e7a-8c0d-f829da8335f0
15,E06000015,Derby, ,435611,335375,-1.47186,52.91464,78253866.9917908,40189.1423907232,27171a42-d638-416f-bc22-32dfd5b77b56
16,E06000016,Leicester, ,458946,304594,-1.1304,52.63592,73578513.6367722,40836.0918690343,ddc2b766-6217-418a-94c1-0e0b1484454c
17,E06000017,Rutland, ,492992,308655,-0.6263,52.66765,391226387.94873,96490.9151440186,4024ca0f-de9e-487d-8912-9078825f3397
18,E06000018,Nottingham, ,456082,339970,-1.16667,52.9542,75902792.380249,49589.0432466352,bbe19abe-4f20-4efd-ad9a-34bfbd45c5fa
19,E06000019,"Herefordshire, County of", ,349434,242842,-2.73931,52.08162,2180498523.92376,285477.596275853,83ea0c97-751f-4b30-a2dc-63ff024701cd
20,E06000020,Telford and Wrekin, ,367035,313057,-2.48941,52.71417,291774651.070686,93581.6948526687,f160d7b1-cef5-4bc1-bfad-b45ee8da8e87
21,E06000021,Stoke-on-Trent, ,389438,346650,-2.15888,53.01706,92984992.6175232,51328.380975671,37f1e6da-aaae-407a-a030-ccef0caafdc2
22,E06000022,Bath and North East Somerset, ,366215,161999,-2.48657,51.35604,348634021.738243,107031.999747644,e04f6588-279e-420b-8455-1ffe55255659
23,E06000023,"Bristol, City of", ,359990,174844,-2.57742,51.47113,111171802.175953,75333.8537448843,87be6ced-0b9d-43bf-86e3-0969d72aed22
24,E06000024,North Somerset, ,347614,166718,-2.75438,51.39706,373598414.155891,114548.765645112,798b4f91-8101-4984-ac5c-2afa041215bb
25,E06000025,South Gloucestershire, ,367556,183197,-2.46926,51.54672,500441021.251228,114738.666777425,cba15c09-954b-4ddf-a37e-7f0f92120ffd
26,E06000026,Plymouth, ,249945,58255,-4.11297,50.40494,81990179.3877106,56400.2074568606,65ac6984-dac9-4c29-bac7-a1c17e1a03f8
27,E06000027,Torbay, ,289730,64613,-3.55523,50.47092,65466044.372592,55439.0025796464,fc95fb3f-e58a-4ea5-996c-f569867a1eed
28,E06000030,Swindon, ,418550,186565,-1.73369,51.57764,227705224.924774,83694.7357866074,dcdd3187-acf3-469f-a167-5a80c4f14d47
29,E06000031,Peterborough, ,517372,300777,-0.26874,52.59214,341522886.914047,97197.3576516278,2bc8b7c5-45a9-4f91-8e6f-5b30afd28ca8
30,E06000032,Luton, ,508606,222559,-0.42319,51.89102,44071111.1285782,30777.420869764,3dd3f3bc-4f86-4121-98b7-d19929ea8298
31,E06000033,Southend-on-Sea, ,587777,186837,0.706923,51.54917,44700956.3147354,36510.7026301174,604ba279-21c6-4a72-b5df-a801bd714b2d
32,E06000034,Thurrock, ,562124,181588,0.334874,51.50996,161565237.677841,73520.5981092993,fa33ff0a-bc3e-4c45-afb9-46bcd0c4ba4a
33,E06000035,Medway, ,578207,175198,0.563174,51.44772,190701602.021233,115776.949242284,f9f281d7-2559-4ccb-8720-3f190b2d1e66
34,E06000036,Bracknell Forest, ,488168,168791,-0.73364,51.41129,108239293.120392,57919.7905038733,f5711163-c6a3-4cfa-abfe-fac2b977e08a
35,E06000037,West Berkshire, ,450574,172095,-1.27365,51.44559,701196249.530785,143133.144111547,0222acb4-c978-47d7-a76a-c77ebfe82df2
36,E06000038,Reading, ,470223,173153,-0.99075,51.45301,41097521.2319565,31042.9797791782,b07fa5ec-fa9c-4edf-baee-e7fa69796d16
37,E06000039,Slough, ,498920,179246,-0.57617,51.5035,32188270.7861557,36996.6002942328,eff9e428-d544-4e42-b843-6a087cb12eae
38,E06000040,Windsor and Maidenhead, ,492079,176541,-0.67541,51.48034,197830118.332253,102773.486175635,97e5e249-6b5b-4b9a-9064-cd61031467ff
39,E06000041,Wokingham, ,476624,169903,-0.89935,51.42296,179381700.613388,76405.872908386,b5afe19f-9b73-4b69-a59b-4bb0bdaa5e19
40,E06000042,Milton Keynes, ,486408,242308,-0.7407,52.07241,309296554.556664,87914.7740575697,5a98f0b1-942d-4814-aae8-a3d62c8e77c9
41,E06000043,Brighton and Hove, ,530278,106850,-0.15081,50.8465,85528177.7698097,48479.1622147345,d0f7d4f9-faa5-4c72-953e-55aab8120a34
42,E06000044,Portsmouth, ,465619,101352,-1.07006,50.808,38571595.5994453,54671.9918298277,798215de-5e4a-4203-bb9d-623f7ddbab6a
43,E06000045,Southampton, ,442303,113700,-1.39952,50.9212,51630345.7373047,37973.1530773138,b227c4d9-32b3-4aeb-ad52-ecb8dd1c79c8
44,E06000046,Isle of Wight, ,447183,85949,-1.33366,50.67129,379812371.859123,114550.363350949,4c2253db-69a6-4482-ad3a-74d1e7c6b6ce
45,E06000047,County Durham, ,410383,532242,-1.84047,54.68513,2231276003.3111,264017.925957277,11c5119e-7d9d-4234-b224-99f7a24fe3f7
46,E06000049,Cheshire East, ,380510,363462,-2.29299,53.16793,1168703022.85249,236519.350521928,362874e8-b9be-44bf-8f6c-572ead94a147
47,E06000050,Cheshire West and Chester, ,353097,363145,-2.70298,53.16336,919469346.735214,226900.969496563,a2c015e2-afce-4044-8355-098851f3bfa0
48,E06000051,Shropshire, ,350227,302957,-2.73667,52.62209,3188392279.66988,469669.258621116,1fc6ccd5-cfb6-4b9d-84f3-179d047825a9
49,E06000052,Cornwall, ,212497,64493,-4.64254,50.45022,3573774344.64337,561819.073930455,8a9dbcc7-770e-4042-8bdd-6c3c3c3b6bda
50,E06000053,Isles of Scilly, ,91327,11447,-6.30217,49.92332,13574584.3039238,40388.2064704666,7f6173ee-9f6b-41b7-a1a9-ff5988869c9f
51,E06000054,Wiltshire, ,405213,158862,-1.92655,51.32882,3259106350.86703,350516.733628776,1e3b14d0-049a-490c-bc77-22ae25662cec
52,E06000055,Bedford, ,505721,256463,-0.45463,52.19628,474735101.168503,115790.134434828,020534f6-4eab-46e3-b54c-3a9a082f8f62
53,E06000056,Central Bedfordshire, ,504615,234492,-0.47754,51.99903,709037205.58065,200732.992916823,880aa781-1df1-4e6e-9f4c-038721390d32
54,E06000057,Northumberland, ,395322,600700,-2.07523,55.30038,5032159793.09807,445872.829098151,b1e95f90-f17f-40ea-bb68-147ea366bc0a
55,E06000058,"Bournemouth, Christchurch and Poole", ,410815,94067,-1.84807,50.74609,162230399.945076,94589.211004829,2d1a6ea8-83cf-4c84-a20b-ba763c519f7a
56,E06000059,Dorset, ,370877,99796,-2.41459,50.79698,2489108946.81549,402023.844556136,39d8cb8c-3659-4d08-8757-4dbc2904dbe6
57,E06000060,Buckinghamshire, ,482503,208562,-0.80573,51.76967,1572324914.94857,301394.337096778,7a48c80a-8239-4115-8e7b-6c6458330156
58,E06000061,North Northamptonshire, ,493590,281719,-0.62504,52.42547,993531201.070824,173357.153847281,add4d9bf-bd32-461a-a597-81f9316d78d4
59,E06000062,West Northamptonshire, ,467187,263879,-1.01682,52.26898,1374464836.3273,214640.786771302,583f6d84-170e-4f0a-9502-30d8bffd7c80
60,E06000063,Cumberland, ,315777,533120,-3.30797,54.68606,3036749284.14549,393850.880034303,354fbff7-e4ac-4c68-92df-9a25300ba676
61,E06000064,Westmorland and Furness, ,353889,510941,-2.71336,54.4917,3793637698.49696,406349.562232455,5ec32428-ca8d-4b6b-9ece-1b08f25ed159
62,E06000065,North Yorkshire, ,429508,466514,-1.55033,54.0937,8051507689.92491,661489.441502371,12a2a0d1-29b4-4756-a455-74b4c9455844
63,E06000066,Somerset, ,309294,131078,-3.29604,51.07183,3461868403.63652,377793.937923664,a4b054fe-a518-4a4d-9cd7-a40c15c4ecfc
64,E07000008,Cambridge, ,545420,257901,0.126436,52.20017,40210644.3924103,30621.7663397527,660e7522-0c76-4390-9ad4-69724f88905b
65,E07000009,East Cambridgeshire, ,555576,275765,0.283149,52.35788,658590905.427841,166827.183704712,b0420227-ec65-4c3b-863e-d36660f9ec02
66,E07000010,Fenland, ,536355,294959,0.008927,52.53545,547646528.910065,136155.988835276,4cd344a9-f2d8-4528-8b25-ba2393f915ab
67,E07000011,Huntingdonshire, ,521008,274268,-0.2247,52.35314,911264462.598167,193578.616451643,c8ae4ac6-b9dd-4e11-9d1f-8a003cf82d3e
68,E07000012,South Cambridgeshire, ,543295,247586,0.091017,52.10805,898629643.313423,225263.736714916,2f4db4cb-3201-4f0b-b641-014c08e195b0
69,E07000032,Amber Valley, ,436166,348084,-1.46219,53.02884,267683390.034409,85443.689862184,d62feefe-2230-4e9b-a1ae-e183dea85e16
70,E07000033,Bolsover, ,448666,371547,-1.27228,53.23874,160375692.140762,81798.1734873701,7ea80dcc-c99b-43fa-8782-2c2f7180bf34
71,E07000034,Chesterfield, ,440049,373358,-1.40115,53.25574,65546901.0654907,41477.2956655913,2221eb39-41fb-4123-85f6-2af8a78012da
72,E07000035,Derbyshire Dales, ,419699,358494,-1.70708,53.12327,795616955.344765,198196.167302371,90f7d607-a07e-4a9e-a15d-01676fd482d5
73,E07000036,Erewash, ,443722,338061,-1.35089,52.93819,108892651.700104,57555.8193108911,6f3bc96f-4b00-4787-8a30-46de60eb831a
74,E07000037,High Peak, ,410473,387653,-1.844,53.38563,540619532.804108,133866.642803176,e3cdc444-ab4f-4ac8-89f2-bc55551799c0
75,E07000038,North East Derbyshire, ,437369,362955,-1.44253,53.16243,274748256.169693,129096.125420323,f252bb0a-04b1-48ef-8236-26ff79a4ccaf
76,E07000039,South Derbyshire, ,431443,325363,-1.5348,52.8249,336639990.514404,128727.256927537,2fa17ec6-b6fe-40d7-a67e-b350e82a3c48
77,E07000040,East Devon, ,313787,96051,-3.22364,50.75761,817043967.078608,169148.410291052,1d6473fb-3493-4a2d-8430-51e4ea051be7
78,E07000041,Exeter, ,293239,92005,-3.51368,50.71782,46523292.2647285,30579.486477803,ef847400-0b37-4e02-91d6-d31d9e364d6c
79,E07000042,Mid Devon, ,288065,108913,-3.5921,50.86884,906845407.042253,204295.800120554,d8f40e9e-a99d-4136-8390-231265781dc4
80,E07000043,North Devon, ,265112,132533,-3.92688,51.07621,1089319728.12869,202461.651003062,a273aa14-27d6-4c42-aac4-371d4525cda1
81,E07000044,South Hams, ,270676,54037,-3.81996,50.37196,890852058.203908,245108.075030594,fc2fafbe-7277-4972-8126-14eafe55a254
82,E07000045,Teignbridge, ,283144,80205,-3.65289,50.60981,676304600.629446,133249.304965188,9c62ec44-371f-4ac6-b865-78c41d684e3c
83,E07000046,Torridge, ,244206,114334,-4.21728,50.90739,984704199.130219,225484.611147799,c3be86bd-4a3f-4a10-80d4-a6ed5381771a
84,E07000047,West Devon, ,256378,86992,-4.03358,50.66482,1167273603.19215,203933.625657936,51002186-321a-4356-ba56-2f315abb333f
85,E07000061,Eastbourne, ,559339,99575,0.258516,50.77387,44441865.8396187,29562.3432120524,6db0e927-86f5-46e0-b7d6-b393fbc15792
86,E07000062,Hastings, ,581528,110694,0.578395,50.86724,29520571.5731354,27845.5979235645,493dd3eb-b1d6-4af7-a13a-cb63685e57b4
87,E07000063,Lewes, ,541473,105687,0.007658,50.83342,292687380.217037,93893.9483999189,0a64119e-ee97-4d63-988f-35c9199721ef
88,E07000064,Rother, ,578721,119666,0.542937,50.94871,515828355.282135,134147.973150467,45d4b6ed-36cc-44cf-914e-53cf8bc73cda
89,E07000065,Wealden, ,555048,117181,0.205156,50.93323,839410904.482975,168995.544587665,2c8bff54-4a7d-4712-bd48-1c0d315cae5d
90,E07000066,Basildon, ,571548,190849,0.475056,51.59037,110725381.478035,49853.421583141,0de3da68-c634-4162-83a1-24745755f5c3
91,E07000067,Braintree, ,577253,227337,0.575912,51.91635,612612223.094978,131743.957686245,4cd4b130-dc38-4024-855b-05975d8fb42e
92,E07000068,Brentwood, ,558560,196070,0.290091,51.64108,153007283.232521,62498.173429264,ed23ed30-e6dd-4de3-9d34-cbc0d659dd84
93,E07000069,Castle Point, ,579493,187920,0.588127,51.56159,44443607.2730637,39318.1945706816,9e672326-2af0-46d0-8f0b-4975d46b3cf1
94,E07000070,Chelmsford, ,572116,206972,0.491177,51.73503,340545363.763672,94171.2307922985,3de8f033-fa5b-4b01-a89b-62b7420cefa8
95,E07000071,Colchester, ,596947,223692,0.85982,51.87701,328509336.59861,131182.062348484,b349ea40-6fc6-4f47-83ba-aa9b9d9acf27
96,E07000072,Epping Forest, ,548919,203757,0.154146,51.71278,339297470.147377,101260.582145931,a8679ed5-e32c-4735-bdec-db6bc9ac100c
97,E07000073,Harlow, ,545276,209589,0.103888,51.76614,29849413.0761337,22091.2206166716,dfd0dca8-ec16-4e8e-a70b-93444b7f555c
98,E07000074,Maldon, ,591413,212072,0.773106,51.77458,358322811.666252,160732.307218505,be87d46b-bdc8-47b5-ad64-c05fce79e5d4
99,E07000075,Rochford, ,585979,191417,0.683442,51.5909,168469497.293022,106533.570736841,e24ed4e9-ae66-4121-b728-2a67bd82b7fa
100,E07000076,Tendring, ,614190,222141,1.108981,51.85674,329202834.939491,143575.386770316,7ee55141-f3ba-4517-94b8-a41ff8fe8199
101,E07000077,Uttlesford, ,557833,228863,0.294499,51.9359,645326011.653816,138944.486837624,b073b7a0-805d-417d-b8b5-c9d9d850d3ff
102,E07000078,Cheltenham, ,394925,222232,-2.07515,51.89861,46538844.8123627,31000.6848909493,3070e23e-f8e8-402c-8fdd-4ace08166303
103,E07000079,Cotswold, ,402126,208209,-1.97058,51.77255,1167408877.21069,277372.623466271,1a8c5b73-89b3-401c-b9b1-46c4f6dd142a
104,E07000080,Forest of Dean, ,367175,212759,-2.47755,51.81249,542623649.236031,166765.037462022,30875ff8-3d94-4f8c-a4db-8fa9c05c3ed2
105,E07000081,Gloucester, ,384071,216449,-2.23263,51.84641,40597168.8924408,28016.8047040126,964de4e9-6df8-4156-be0b-fb0a0d3e0cae
106,E07000082,Stroud, ,378807,202410,-2.30818,51.72001,472499798.662483,142765.467231402,4e81e03e-d9d4-41a0-8894-076700403f0b
107,E07000083,Tewkesbury, ,386348,226281,-2.19997,51.93487,413495708.493515,170213.857676214,80d33491-16c8-4637-bfe9-47a31fedf004
108,E07000084,Basingstoke and Deane, ,454507,151423,-1.22023,51.25937,634608479.078323,122978.522389744,b2b3b2b5-115a-4543-a5ca-05347a743e70
109,E07000085,East Hampshire, ,474408,129247,-0.93965,51.05774,514528117.616383,124378.263206045,a538af14-dde3-4dad-9a79-329d8d8bd744
110,E07000086,Eastleigh, ,447199,116807,-1.32947,50.94876,77688930.9266434,54533.7057832744,9866cae2-50f3-4677-9d99-25311e173dbe
111,E07000087,Fareham, ,453774,106319,-1.23742,50.85388,73043048.2015305,49809.4231267702,d41e4ca7-09e3-4db3-a5e5-1467dd17f4b5
112,E07000088,Gosport, ,458769,101088,-1.16731,50.80636,25668846.5793686,28823.7972566439,c0d6663a-994b-45ba-ba3e-00a792014671
113,E07000089,Hart, ,477985,154241,-0.88321,51.28198,213278822.549706,65784.3474988678,56bc2438-4cec-44d8-bd71-10c66b88d9ee
114,E07000090,Havant, ,470178,108564,-1.00398,50.87231,56149151.9479446,61331.4494946574,095d87ac-17fe-4f47-a6a4-8d496d795c85
115,E07000091,New Forest, ,428748,106524,-1.59293,50.85751,754659890.656525,172485.52889609,6161329f-ee22-4bb5-9c8b-bffea31670d6
116,E07000092,Rushmoor, ,486022,153944,-0.76807,51.27815,39457260.0413666,26459.7715878267,83b2f6ca-881e-461c-a3cb-abb18fb1c489
117,E07000093,Test Valley, ,434930,137329,-1.50214,51.13417,625590030.725357,159720.911719227,efa6f5ca-fbc2-41f3-9d32-56bac3049d58
118,E07000094,Winchester, ,453115,125901,-1.24393,51.03002,661544469.64677,142586.504044975,98d6bd63-6c6b-4e0e-9fee-44921868a9b9
119,E07000095,Broxbourne, ,534742,204251,-0.05073,51.7208,51741960.7321396,34985.1175302326,1f7359b2-3e87-4e13-87c5-a9160c459ea1
120,E07000096,Dacorum, ,500084,208745,-0.55098,51.76845,214930898.538063,93306.0025007925,a8d42612-f223-4438-a6ee-e955ce6a8468
121,E07000098,Hertsmere, ,519774,199352,-0.26899,51.68017,99202699.2589111,52255.2330688981,3c180c7d-8a97-4b54-8d4e-6f4b50a0fe00
122,E07000099,North Hertfordshire, ,522191,230250,-0.22316,51.95732,372109579.274956,142754.43629344,d9976a29-0072-4f07-be67-33499cb51bd6
123,E07000102,Three Rivers, ,507313,196418,-0.45005,51.65632,88910485.8115158,64605.4360648842,3fe50fe0-eed4-47fb-88f2-f8f4ee6d3b3b
124,E07000103,Watford, ,510441,198197,-0.40429,51.6717,22713922.5201874,21681.0689271707,644e2355-e458-46b0-841c-7534ae1760ae
125,E07000105,Ashford, ,597640,140644,0.823374,51.13096,583622956.661186,122850.295590227,4367ab1d-3198-487c-87a9-2a3595e98ddb
126,E07000106,Canterbury, ,616031,158096,1.096328,51.28102,308386327.035583,95761.8450690424,b634c3cd-93d2-4e32-8c89-d94052e46968
127,E07000107,Dartford, ,556167,172917,0.245276,51.43373,72780878.8639679,44124.6681894501,09843240-489a-4ac1-8b51-6e68ef835297
128,E07000108,Dover, ,628964,150942,1.276887,51.21176,315207012.552383,93262.1861158051,15bf2a48-2d59-4061-bf24-8cfe21179fb2
129,E07000109,Gravesham, ,566969,169114,0.398744,51.39649,96065046.4643707,49991.0091396708,4d5cde7a-e164-48cd-a010-65a02d05fc41
130,E07000110,Maidstone, ,580489,151670,0.584061,51.23566,392223477.4133,101282.720286708,c70859a7-8bbd-4583-a76c-3995cd24fec7
131,E07000111,Sevenoaks, ,552776,155218,0.188936,51.27563,370528650.982033,111504.555076122,cb08253b-7980-486c-b152-50727143c73e
132,E07000112,Folkestone and Hythe, ,610318,134597,1.000796,51.07215,359130356.30233,128225.763769623,343e044b-a24a-47af-b71d-c1d6a7c4adee
133,E07000113,Swale, ,593583,161818,0.776893,51.32251,369663147.303497,176783.200623096,ef8f87e4-7e7b-4687-a777-8f5310d41db4
134,E07000114,Thanet, ,631839,166752,1.328226,51.35252,104187082.140579,46106.8818624126,c4497897-cd74-4517-b8db-fc26739d1cb3
135,E07000115,Tonbridge and Malling, ,564014,153896,0.349305,51.26063,243626655.803413,91660.0641639123,85bd5102-92a8-4b23-874e-62e16984166c
136,E07000116,Tunbridge Wells, ,573139,136598,0.471631,51.10253,327340648.581917,117037.584632861,7dd2fdca-10bb-4dc8-b330-0b1cefb260ad
137,E07000117,Burnley, ,384886,430880,-2.2308,53.77404,111741180.314896,48839.3006634628,faa6398b-68eb-4655-936e-3ef5f48f366b
138,E07000118,Chorley, ,359188,419722,-2.61923,53.67238,202955917.871078,77363.5288337724,65c57fe4-275c-4803-803f-9a634f5880a5
139,E07000119,Fylde, ,339554,433811,-2.91914,53.79709,163588656.360184,71097.1607991635,247cf769-b448-4d70-b35d-0747378cdd70
140,E07000120,Hyndburn, ,374407,428967,-2.38964,53.75644,73310982.2225647,36612.4397476374,badbdc74-b957-4693-8775-e1aca87d236e
141,E07000121,Lancaster, ,356896,464988,-2.6603,54.07901,569213754.950912,182203.734147483,f121601b-5758-4be2-a08d-69a6acd73f61
142,E07000122,Pendle, ,387638,443368,-2.18956,53.88636,166907540.079666,66093.6709270337,60e48b23-6ebc-4d70-a066-bbb226867527
143,E07000123,Preston, ,352828,436431,-2.71804,53.82201,142930266.990921,61319.7841963738,b2e106e7-5f79-41f0-8a2d-049c4a37339b
144,E07000124,Ribble Valley, ,372689,447677,-2.41737,53.92451,582753282.634857,127830.457207973,e4880895-a300-4947-9ff8-7ec9e2514d7c
145,E07000125,Rossendale, ,382827,420953,-2.26149,53.68476,137062118.972336,62480.2006407099,b3fa0f15-6b05-42bd-8db4-7fb7d630110c
146,E07000126,South Ribble, ,352017,425841,-2.72871,53.72676,114211486.883789,71676.6888473476,e3094baf-a4ea-4ddc-afa2-0a380cd690f5
147,E07000127,West Lancashire, ,342606,413271,-2.869,53.61284,346490875.925896,113766.110025793,f70972a4-b648-4e00-bee0-504315586a0e
148,E07000128,Wyre, ,347294,445159,-2.8036,53.89991,285147630.72821,115501.249279678,6636abb7-234c-41bc-8ade-288bb548eb9c
149,E07000129,Blaby, ,454385,297994,-1.19887,52.57706,130104368.33889,80292.6498139495,8be8d989-e998-4c5e-b0da-d02f43fa1b15
150,E07000130,Charnwood, ,458365,316155,-1.13694,52.7399,276407356.612183,93620.1313162514,ed5b5292-fea9-4317-b37a-f724b33c66d2
151,E07000131,Harborough, ,474550,293873,-0.90228,52.53764,595908577.784134,142562.0475214,1d35707e-a898-4fb8-8cd8-8be4b1218a23
152,E07000132,Hinckley and Bosworth, ,439538,301379,-1.41755,52.60877,300074393.358078,93502.4878940605,19bdeda2-7bf3-4014-bd17-3e9748a7b467
153,E07000133,Melton, ,477328,323469,-0.8544,52.80326,484009413.893677,116594.479411464,6e44eb1d-11d1-417f-91a5-ff6652224edc
154,E07000134,North West Leicestershire, ,439107,316253,-1.42215,52.74251,278293477.580147,95781.8250770357,c4bbe664-74ab-43c2-968b-4f0c61bfec7c
155,E07000135,Oadby and Wigston, ,461543,299379,-1.093,52.58875,23221816.1054306,23050.2510544195,d0d98b1e-b6ab-4f71-804f-5af84e8ccee8
156,E07000136,Boston, ,526851,343956,-0.11218,52.97797,365246292.630676,100900.680106233,1403ee53-52b1-441d-b69f-017f57cf7640
157,E07000137,East Lindsey, ,534861,376064,0.020516,53.26446,1774430230.30095,229912.082640412,afbcbb34-5cf2-488e-9bcc-f8eae11c81a7
158,E07000138,Lincoln, ,496347,370096,-0.55848,53.21921,34776950.2810211,28546.9242862253,e8962806-3254-4b1c-8db3-bc95d91445db
159,E07000139,North Kesteven, ,502139,354789,-0.47664,53.08059,921041108.517258,163481.488519149,55628c7c-016d-4c8c-8b75-b27e9f0cd57c
160,E07000140,South Holland, ,532910,322929,-0.03057,52.78759,754602325.933441,145705.761208599,f80d5571-0829-4c5d-bf2f-f607b7c40e8e
161,E07000141,South Kesteven, ,501404,328986,-0.49568,52.84885,942066293.306656,184679.497720274,71622a3e-ef8f-42a4-85aa-59c20dc63b88
162,E07000142,West Lindsey, ,499314,390326,-0.50774,53.40044,1158136214.62856,221121.444093273,8aa01013-8ed5-45dd-a2f6-2d3695431a05
163,E07000143,Breckland, ,591015,303332,0.818717,52.59422,1301551951.05823,207007.6778942,acb8ca3d-0692-4d84-9809-e23f931c7219
164,E07000144,Broadland, ,619861,315909,1.252273,52.69622,552205679.283142,166546.726874942,0f4af56e-a6f6-46d1-be74-99db1f709e3a
165,E07000145,Great Yarmouth, ,646761,315881,1.64951,52.68439,181564833.410492,74078.7849388846,c6b318d2-f9ec-46f2-ad43-68ed30170ccd
166,E07000146,King's Lynn and West Norfolk, ,571219,315807,0.533245,52.71285,1433356127.98183,287640.882129309,be95bc00-74ac-4166-99fe-eec2500d3c15
167,E07000147,North Norfolk, ,611076,330857,1.132099,52.83389,958252832.272095,229205.702486363,4855f145-ed2c-4fc1-9b9a-7dbb4ec83e0e
168,E07000148,Norwich, ,622355,309773,1.284979,52.64013,38523624.3132172,35792.6777619289,34092f78-4b65-4d34-b6ff-1f7280cda90d
169,E07000149,South Norfolk, ,628991,295822,1.373247,52.51217,909566392.895889,197710.280712012,4d913aea-f98b-4e38-bd81-364199e4e926
170,E07000170,Ashfield, ,450035,355843,-1.25422,53.09747,109082534.58345,57298.7021738449,da3a8d01-8955-4f50-8439-5b630be20ae5
171,E07000171,Bassetlaw, ,468073,384835,-0.9787,53.35604,639301219.531754,136464.970827137,3dcd7ef7-da6b-4f48-b271-e52b6f0fe3be
172,E07000172,Broxtowe, ,449829,341891,-1.25944,52.97208,79433918.6433868,52750.1229038524,24f9107a-c514-49e5-af3f-b811f96ff2ac
173,E07000173,Gedling, ,459184,347811,-1.11907,53.02434,120122088.831985,59268.7069904097,1cf06e66-f9f8-432e-a185-a0f920d98f6e
174,E07000174,Mansfield, ,455047,363637,-1.17804,53.16703,78365962.7874756,45441.4125058636,c92c1ead-b368-43e8-8eee-b8dec73b144e
175,E07000175,Newark and Sherwood, ,470624,357451,-0.94643,53.1096,651135384.66629,159292.081065811,6b7a0ed7-2aa9-412d-9321-786676ab78fa
176,E07000176,Rushcliffe, ,466606,335453,-1.01097,52.9124,409779465.950729,104624.686571504,09efb3f4-adba-4a21-aedb-ca6336c3a280
177,E07000177,Cherwell, ,449301,221199,-1.28506,51.88718,590021900.663818,184823.410432005,fb8bd629-5a70-43d9-a399-2115d1eb50de
178,E07000178,Oxford, ,452277,206368,-1.24405,51.75357,45105986.515358,30243.6411134712,e01e161a-cda9-4d7a-915e-d1128efa3bf2
179,E07000179,South Oxfordshire, ,463890,191964,-1.07847,51.62288,676297342.281723,172245.7760058,d9c7362b-6e6a-46de-a763-c9fe1c9e9ef6
180,E07000180,Vale of White Horse, ,435697,195198,-1.48537,51.65444,582883616.380249,146032.865728814,ff664b24-112f-462a-98e9-b931098eb606
181,E07000181,West Oxfordshire, ,434343,215817,-1.50292,51.83991,713802074.724762,132490.636711941,f69b21ef-3891-4264-afa5-f5fb3fc53f66
182,E07000192,Cannock Chase, ,401261,311553,-1.98277,52.70166,79662253.1451035,41985.1927136628,5237caa1-2db3-49ca-9b88-b8860c4ba44e
183,E07000193,East Staffordshire, ,412599,326571,-1.81441,52.83652,394049885.20256,138128.173660454,a0dd248f-d55d-4ba7-8f01-56a5e8ccae41
184,E07000194,Lichfield, ,416276,310967,-1.76059,52.69615,328432889.967186,104035.850266593,b4498a5a-c63b-446e-8b99-10fdeab1d399
185,E07000195,Newcastle-under-Lyme, ,378201,345177,-2.32628,53.00347,210624258.773415,87803.4980231489,e12becf0-8130-4460-9638-33c92f979604
186,E07000196,South Staffordshire, ,389624,311036,-2.15496,52.69691,409452273.699699,152646.695454659,3f7c7491-9421-4fbf-8ab3-a9d181e5ed0e
187,E07000197,Stafford, ,389000,327835,-2.16477,52.84791,598962725.321419,128801.802887373,8f4a3e58-a783-401c-af7c-18ec4d39d6bd
188,E07000198,Staffordshire Moorlands, ,400543,352448,-1.99334,53.06928,576413215.423119,120063.027156032,3ad04e16-ebeb-4858-be61-1e57ef9ea65c
189,E07000199,Tamworth, ,421452,302547,-1.68455,52.62028,30582523.6968689,25379.4904480878,b6788f13-c5e8-4737-a118-730e68f06c02
190,E07000200,Babergh, ,599987,244692,0.916149,52.0645,595933655.653473,142711.192318705,038bc378-26e4-49fa-84ce-99f11dba477f
191,E07000202,Ipswich, ,617163,244456,1.166175,52.05592,40678435.3669891,30234.6185970835,35e75e53-c7c5-434b-af80-a44bab737a2a
192,E07000203,Mid Suffolk, ,611646,262335,1.096951,52.21856,873338668.108231,159675.661446247,8aa8654d-673a-40b0-b6a8-7b9fe01e43f7
193,E07000207,Elmbridge, ,511883,163655,-0.3944,51.36095,95459366.8121719,43268.2485485874,701ff7e4-efe2-4d25-a358-c7e9086d36dd
194,E07000208,Epsom and Ewell, ,521176,161476,-0.26172,51.33946,34983657.4731064,26101.3091302011,884437f1-69de-4c09-83ae-4d1b850788f3
195,E07000209,Guildford, ,500408,151481,-0.56257,51.25366,271982931.08448,104278.65810027,1953b2fa-0238-4bf5-9865-dd0139a96c1e
196,E07000210,Mole Valley, ,518377,148953,-0.30603,51.22749,256017647.49408,84135.6978114973,2276e9aa-f0e3-4039-9018-a1eb74fdacbc
197,E07000211,Reigate and Banstead, ,525786,152574,-0.19871,51.25846,129034364.111427,61552.2260605655,0efdbd7f-e872-4fed-bca6-face5a76cc9d
198,E07000212,Runnymede, ,501777,166980,-0.53855,51.39274,79360011.8074188,37964.1492788381,cf434a27-8ed8-47cf-8a80-aaed67b3d223
199,E07000213,Spelthorne, ,507012,169622,-0.46254,51.41552,51885054.2412262,34304.8844632316,685576ab-2df9-4aa8-8c68-a0e35409fc8f
200,E07000214,Surrey Heath, ,491364,160485,-0.68983,51.33612,97014443.8523254,46459.4623973245,fe7a0484-bd6a-4ead-9655-150d83c2c099
201,E07000215,Tandridge, ,536362,150328,-0.04809,51.23584,247472378.235733,69717.8599338781,8dc6f356-d81d-4633-bacc-3b34645812c7
202,E07000216,Waverley, ,496363,140635,-0.62343,51.15686,342205223.419777,102509.835440511,5b2cf13d-d552-49de-aaad-3cef2560423c
203,E07000217,Woking, ,499088,157544,-0.57981,51.30839,61728436.2703934,41476.8100047902,de1d828e-c5d0-4e82-b002-c117b3d5422e
204,E07000218,North Warwickshire, ,425570,296402,-1.6242,52.56486,285128027.27462,96459.8685825478,eb5b5e69-1ff7-4654-a7d8-5f9dbead5e2e
205,E07000219,Nuneaton and Bedworth, ,435420,289352,-1.47964,52.50094,77919860.806015,40979.8248585868,f7281589-d378-44f1-90ea-683c74dc2a00
206,E07000220,Rugby, ,446498,276244,-1.31828,52.38228,349018309.553062,96992.3604259825,2522baf8-e8fb-4ea5-b1eb-2062f039392a
207,E07000221,Stratford-on-Avon, ,425019,251537,-1.63565,52.16155,979087610.373337,217880.163989968,582400e8-c32f-4767-8920-b9edccc0f80c
208,E07000222,Warwick, ,428484,267113,-1.58369,52.30142,282964537.813507,91456.339988731,7861a05e-fa8a-4bc8-83f4-53ac4cb71565
209,E07000223,Adur, ,518076,106472,-0.32417,50.84572,40950562.6367874,30972.5307963924,615fc7cd-10f3-4847-baf3-dfdb192221e8
210,E07000224,Arun, ,495144,105723,-0.64999,50.84321,224117094.074501,96778.0660070996,e768a750-86aa-4e8a-8482-ca3b4ff2935e
211,E07000225,Chichester, ,490285,116600,-0.7163,50.94177,788066215.635586,182910.786511193,2f0c8889-4255-46f5-ae21-3512ef73d466
212,E07000226,Crawley, ,526390,137581,-0.19533,51.12357,45829202.6550446,33575.8383559468,f43ef558-236e-419f-b7ee-5599343dc7a6
213,E07000227,Horsham, ,513674,123840,-0.38126,51.00272,530148077.623337,128320.144863884,51e36396-3909-42dd-b2d9-e240b668515e
214,E07000228,Mid Sussex, ,533052,130624,-0.10275,51.05954,336665216.925316,109151.310332722,55421708-2fdd-47de-80f3-e16066e31528
215,E07000229,Worthing, ,512679,104948,-0.40127,50.8331,30612116.7243309,25718.8973511829,3743351c-f770-413a-a30d-6ec91e37997f
216,E07000234,Bromsgrove, ,399840,273736,-2.00376,52.36169,218035643.664558,90574.8511668067,36df4908-a004-4d47-84c9-b515e30f0267
217,E07000235,Malvern Hills, ,377463,252198,-2.33092,52.16759,579797339.320679,187728.806974273,a85796e8-7800-4b39-9067-f457ab9cb131
218,E07000236,Redditch, ,403705,265253,-1.9471,52.28541,55030614.7333069,32518.3818500286,120576c7-f699-4ccf-9537-1bd87f5ebffe
219,E07000237,Worcester, ,385744,255190,-2.20997,52.19477,34677026.6613617,23962.7731018937,34da9775-3acb-48cb-a8e0-384833a2e7b6
220,E07000238,Wychavon, ,398991,247839,-2.01614,52.12886,659545474.407303,183954.923577824,f7de7698-227b-4123-a19d-47e1213d862e
221,E07000239,Wyre Forest, ,384106,276388,-2.23494,52.3853,196173167.051971,82052.0623621439,33dc4044-d0a9-47fd-b996-050a1f595a04
222,E07000240,St Albans, ,514580,209623,-0.3407,51.77356,158865311.942474,63002.8256433482,8e6dff9b-6a06-409f-bffa-45d0c78258b9
223,E07000241,Welwyn Hatfield, ,525345,208467,-0.18518,51.76087,129449584.630142,69326.0565186618,4754c132-99fb-4d18-a963-8f88834b7d1a
224,E07000242,East Hertfordshire, ,537995,220370,0.002739,51.86485,477728689.603271,112068.851102122,fa981ccc-a1d1-48ae-934a-d1dc5e3701bc
225,E07000243,Stevenage, ,524622,224531,-0.18987,51.90539,26824166.0814133,22050.2143265599,52915a17-130a-4666-81ff-cb774bab52c8
226,E07000244,East Suffolk, ,636043,266273,1.456187,52.244,1278889582.56331,247091.76832055,c3c750f1-1e3b-4015-9956-811e4fb86a3a
227,E07000245,West Suffolk, ,580941,271121,0.652723,52.3084,1033666351.93604,220843.608468237,a0275eef-98bf-4393-b5d9-02c131a77db4
228,E08000001,Bolton, ,368352,409874,-2.47952,53.5845,138687865.014191,64710.3340400121,80edf44a-a375-45c5-99eb-c9a1f8bf8455
229,E08000002,Bury, ,379658,410767,-2.3088,53.59309,100712672.254913,57016.2534667192,8b2031ce-1744-4fb8-9900-5f37284a5ad5
230,E08000003,Manchester, ,384591,397063,-2.23359,53.47009,111898280.926071,69387.5197793443,54be1968-a9cf-4d83-8bb5-eb00fb458292
231,E08000004,Oldham, ,396603,406784,-2.05274,53.55768,144009083.688797,60962.5161536524,9d0f3ebe-b309-4157-885b-d38b841e8f05
232,E08000005,Rochdale, ,390315,412326,-2.14784,53.60741,156235168.830826,70318.8138267209,e3935cb7-ef92-453b-89fe-abeee6625ca6
233,E08000006,Salford, ,374556,398128,-2.38485,53.47927,97966760.8522491,56607.4574926673,9d51ff71-b474-44f8-8de5-33d35117094c
234,E08000007,Stockport, ,391807,388258,-2.12465,53.39111,125568339.893555,56970.4314544601,6e0606cb-0ebe-497b-863a-d63e0e732d56
235,E08000008,Tameside, ,394987,397995,-2.077,53.47867,102157730.651947,43840.6097248972,ac61cf5a-0590-4623-9af7-d2fe3d6abea3
236,E08000009,Trafford, ,375790,391163,-2.36572,53.41672,108080386.800537,50827.7922845074,09b1ccb4-6dbe-4e14-99cc-b956868382f1
237,E08000010,Wigan, ,362139,402126,-2.57242,53.51445,188317219.242844,71511.8872470227,845036b5-4e14-4d73-b649-31d0879db55c
238,E08000011,Knowsley, ,344762,393778,-2.83297,53.43788,86259380.3667603,57791.3830885441,95a755d6-cf51-4c9c-8f43-1c41954412fd
239,E08000012,Liverpool, ,339359,390556,-2.91368,53.40833,112986725.794609,54579.6671369785,704ae39a-db9d-420d-81b3-33acac384cb5
240,E08000013,St. Helens, ,353413,395992,-2.70309,53.45862,135954662.599739,64913.9922183879,038b70da-4ed9-4d29-8f1d-05072a1c3442
241,E08000014,Sefton, ,334282,398835,-2.99177,53.48212,153854468.23381,98968.9267894851,e20eb937-e0fa-4e8f-8451-93ecc57401b1
242,E08000015,Wirral, ,329109,386965,-3.06703,53.37478,155791689.984764,75456.2130975748,e6893263-7880-4bdb-b2a2-f8414061d522
243,E08000016,Barnsley, ,429979,403327,-1.54925,53.52577,327245738.828796,106160.417371897,2beb111d-1be4-4a0a-9614-20d616ce2bb7
244,E08000017,Doncaster, ,459167,403733,-1.10894,53.52695,567311902.824066,116347.167268119,4e1eb439-7880-4c42-9036-5f8a078f97de
245,E08000018,Rotherham, ,447542,388980,-1.28651,53.39553,289185192.302475,88845.3632514031,71766141-2d91-43e9-9ad0-5bb769411110
246,E08000019,Sheffield, ,430511,389736,-1.54254,53.40358,365670799.443451,114108.633527879,f4a0c243-b05c-49f8-8c42-ee0206407a9b
247,E08000021,Newcastle upon Tyne, ,422287,569661,-1.65297,55.021,113015422.896683,53418.6361436281,d784153e-7713-4b19-9998-73d0ebac7be9
248,E08000022,North Tyneside, ,431471,570602,-1.50923,55.02896,83063767.52742,58674.8988712033,6ae25f71-b49a-46f4-b033-6ed8820634b9
249,E08000023,South Tyneside, ,435514,564057,-1.44679,54.96988,61949100.1211853,38498.3056267198,19dd7d59-96b5-4220-8dc8-38b0adc98e42
250,E08000024,Sunderland, ,436470,551524,-1.43344,54.85719,136133204.307877,57187.9296248416,9ceed21c-4f96-488e-932d-d52e27ed43b0
251,E08000025,Birmingham, ,408150,287352,-1.88141,52.48404,269028723.090149,88768.1639342169,74220f08-ac2e-42d6-8c3b-6fee66f08158
252,E08000026,Coventry, ,432809,279689,-1.51905,52.41423,99816507.8504868,43490.6029229296,2eeb53b2-da3f-48bb-b745-8608159251a1
253,E08000027,Dudley, ,393191,288584,-2.10171,52.49513,97276251.4931335,60134.2576855566,88db1b5c-b96b-4784-b103-48d5d3e0a03e
254,E08000028,Sandwell, ,399573,290764,-2.00771,52.51477,85221028.9950333,48305.2170000014,edad765d-04d1-4c2f-8ec6-5e1397026e56
255,E08000029,Solihull, ,419434,281483,-1.71558,52.431,177578804.189278,82676.0616609163,a0e1ccbe-940f-4486-95c0-b9b1d62cb6ee
256,E08000030,Walsall, ,402099,300807,-1.97043,52.60505,104037271.126343,49852.7980341302,1e5ec4ef-93b0-42be-b236-992956759ca6
257,E08000031,Wolverhampton, ,391463,300016,-2.12746,52.59788,69459489.7428589,41131.0028430825,5561c015-b6c3-4899-b887-9266ff65b45c
258,E08000032,Bradford, ,408395,438626,-1.87389,53.84382,369651688.894257,113378.346809734,0026d7a7-c69a-4d0d-aa9f-51401be22204
259,E08000033,Calderdale, ,402618,424895,-1.9618,53.72047,367612433.258896,94048.3005491574,af25e83c-93ad-4a81-bff4-6d5568a7aa4d
260,E08000034,Kirklees, ,414586,416223,-1.78085,53.64233,405306353.385895,106837.808517252,db23ed85-3687-4fe3-ae38-16969cf188bb
261,E08000035,Leeds, ,432528,436384,-1.50736,53.82273,550640034.865128,133852.55658201,5e27020a-090a-4977-a26c-af8aa5978d57
262,E08000036,Wakefield, ,438367,418231,-1.42091,53.65918,337240885.689636,90463.3028353905,8502055f-7ee9-46a3-9fda-1f51645beec5
263,E08000037,Gateshead, ,420158,559652,-1.68696,54.93115,147501451.900803,67922.9752560356,b936cbbb-d3fe-40fc-803f-9ec8b517fdd1
264,E09000001,City of London, ,532382,181358,-0.09351,51.51564,2677121.54029846,6902.16449624465,bba0e070-36cc-40d4-9bda-549b9715988c
265,E09000002,Barking and Dagenham, ,547757,185111,0.129479,51.54555,36356924.0305481,31246.9092001347,be689522-cbff-4844-892b-b3750a2111e0
266,E09000003,Barnet, ,523473,191752,-0.21819,51.61107,86664945.9042206,41943.7866617034,3d7433bd-fcd1-4eda-af1c-6f890230e0a2
267,E09000004,Bexley, ,549202,175434,0.146212,51.45822,61714344.408577,36630.8122327511,d2fea2dc-d02c-4231-90dc-e76813dbc373
268,E09000005,Brent, ,519615,186465,-0.27568,51.56438,44179370.1184082,33216.3568265264,d6b57b49-50ff-49cc-9fcf-cfe37a18b108
269,E09000006,Bromley, ,542036,165707,0.039246,51.37266,150200429.674072,63023.0771253046,d9d90ab2-3c6e-4deb-a4e8-0472e29ffe9d
270,E09000007,Camden, ,527491,184283,-0.16291,51.54305,21269432.2465897,22059.4704119237,4f6b6a84-e70f-44a4-b0d9-e483c034e829
271,E09000008,Croydon, ,533922,164745,-0.07761,51.36598,85955722.6861649,46711.4850595478,df77195b-36ec-44fd-93e1-a74b02c2aee2
272,E09000009,Ealing, ,517055,181959,-0.3141,51.52442,54703293.5004959,39296.8632324367,de86044f-514d-4d96-a500-a52a8010b5a8
273,E09000010,Enfield, ,532831,196198,-0.08144,51.64889,83007482.2971954,37695.486839901,46e03d6b-e0cd-45cc-bf4f-4dac023a6489
274,E09000011,Greenwich, ,542507,175878,0.050093,51.46394,47350858.9444275,37948.251732083,c040d96d-7f59-49d5-b753-ce84a6fba00b
275,E09000012,Hackney, ,534560,185787,-0.06045,51.55492,19832965.0710449,21351.2523509213,deaae1ea-04db-4013-aa98-24a1f7bd6aa0
276,E09000013,Hammersmith and Fulham, ,523867,177993,-0.21735,51.48733,17334835.1918182,20302.4284431768,4872e51d-1854-4587-94fe-1ad50ed46786
277,E09000014,Haringey, ,531260,189349,-0.1067,51.58771,28656867.0462112,25726.8573241027,76f652cf-a8fa-4f7a-800e-83e9120e8cd2
278,E09000015,Harrow, ,515359,189736,-0.33598,51.59467,51801479.5922928,31182.0556027942,0635b872-c89c-40f3-8c28-3d8093b87fbd
279,E09000016,Havering, ,555032,187514,0.235368,51.56519,113330560.884369,58255.9924088148,2b6ee149-4330-4f41-bfcd-594aebdc2650
280,E09000017,Hillingdon, ,508168,183121,-0.44179,51.53664,115529298.445053,55986.3430131733,18ee5cb4-f77c-40be-8cd4-a548aae62952
281,E09000018,Hounslow, ,512737,174959,-0.37855,51.46238,56826609.9237061,46725.3061131256,a96f746b-6924-4e2a-a1a4-dea3b77c0c89
282,E09000019,Islington, ,531160,184645,-0.10989,51.54546,15147055.2425613,17529.0688543183,7370dc5a-3c4f-472a-bdff-a6371ae6b75c
283,E09000020,Kensington and Chelsea, ,525756,179054,-0.18978,51.49645,11387818.3138428,17844.7682888426,131dbb5f-ecdf-47ef-bee7-5b24b755e70e
284,E09000021,Kingston upon Thames, ,519508,167389,-0.28367,51.39296,37854590.6227341,33057.8743062078,6484b901-04e7-4227-b6f6-d6fbcc3091e1
285,E09000022,Lambeth, ,531118,175629,-0.11385,51.46445,27177247.8334503,28899.8873343078,1e52e0d2-3b6e-444c-82b4-34d041f5cc82
286,E09000023,Lewisham, ,537888,173343,-0.01734,51.4423,34349338.1161118,30891.94210584,c2d32f6b-5b52-4d75-b1a2-2ae4a9c291d3
287,E09000024,Merton, ,526068,169508,-0.18868,51.41058,37363909.8322678,27911.1516229795,89769099-0931-41af-88f7-8abefe398004
288,E09000025,Newham, ,540713,183346,0.027261,51.53149,36911701.9983902,25880.6823148301,1b0e0956-a575-48d6-9c37-675f62ef1f6c
289,E09000026,Redbridge, ,543512,189477,0.070085,51.58588,57723543.7370224,36059.3667125629,3acac896-e5dc-4d53-a44b-7d2fce050f82
290,E09000027,Richmond upon Thames, ,519005,172650,-0.28914,51.44035,57385323.2453613,45187.6673605975,42837ca6-3827-4f64-a002-c5c315d28026
291,E09000028,Southwark, ,533945,175869,-0.07308,51.46594,29744481.8274841,28145.7250947917,1a4294d1-4b8d-4f1b-bfdf-e033c6487fbe
292,E09000029,Sutton, ,527357,163639,-0.17226,51.35755,44501643.2242126,32965.2465316343,6ea579f5-e95a-4052-9726-6eba0c3f7095
293,E09000030,Tower Hamlets, ,536340,181452,-0.03647,51.51554,19288776.9522018,22595.724945163,5500cecb-f22c-47a6-8e4f-8da8eb6cee65
294,E09000031,Waltham Forest, ,537328,190278,-0.0188,51.59461,39280519.9152603,28358.2612712938,7b0dd949-419b-4558-8ed0-9398208375d9
295,E09000032,Wandsworth, ,525152,174138,-0.20021,51.4524,35067557.863739,32987.6374953794,16604249-ed79-4eaf-92f3-ab4c52233d1b
296,E09000033,Westminster, ,528268,180871,-0.15295,51.51221,22896812.7878189,22657.0608258363,4a597595-3330-4cca-87e5-b72eb738ce7d
297,N09000001,Antrim and Newtownabbey, ,130813,541285,-6.1776,54.69386,725799509.438972,145230.911089001,62479b8c-8eed-4d97-9108-b15021c8522f
298,N09000002,"Armagh City, Banbridge and Craigavon", ,112110,508158,-6.43455,54.3867,1436133596.94844,200894.188676107,d1bbfd72-ac81-4960-9908-f9e9cf381f12
299,N09000003,Belfast, ,146465,529747,-5.92535,54.59853,137793211.378029,55368.3406467658,57fe9086-9451-4150-bd38-54b8a41c2b79
300,N09000004,Causeway Coast and Glens, ,106168,581420,-6.5996,55.03962,1985246185.58913,285673.887081582,bccfddee-1e0f-49a7-b796-77fd09c51098
301,N09000005,Derry City and Strabane, ,51779,559566,-7.42064,54.80904,1246637302.06076,232726.794902064,dbd9442b-bf23-4428-b19c-45d8c9162d0d
302,N09000006,Fermanagh and Omagh, ,41233,513013,-7.5271,54.38521,3008098448.65362,353030.335964912,06933b16-0cff-4fb5-b1af-a804fdd1b645
303,N09000007,Lisburn and Castlereagh, ,138712,518920,-6.03545,54.49752,511678825.677032,133180.971163027,d0a98980-fb75-4754-981f-d913e0b4a07a
304,N09000008,Mid and East Antrim, ,133943,560151,-6.14645,54.86462,1064497679.16619,198440.24053613,d287a550-908a-46e5-9410-b4e3e179e0f7
305,N09000009,Mid Ulster, ,83920,528564,-6.8889,54.55273,1960344282.72563,267948.60966111,b4ce6c7b-ada9-4ac8-8fe3-f22162d1f522
306,N09000010,"Newry, Mourne and Down", ,133006,480432,-6.08891,54.14953,1686589091.39087,292915.110008456,b13d14a1-3624-4bea-8162-60e13c78daff
307,N09000011,Ards and North Down, ,164321,524944,-5.64568,54.56409,568018205.844933,133193.841859793,d02181e5-e4fc-4536-ae46-41d5905addd6
308,S12000005,Clackmannanshire, ,291178,696402,-3.75316,56.14784,161789059.926453,74434.8102335152,2e174e0e-329e-4ed9-b6b8-a4740cd9fefd
309,S12000006,Dumfries and Galloway, ,270645,579856,-4.02863,55.09621,6441040748.53082,689768.805225611,3aeeaef8-75af-4f90-a5b9-386002f122a6
310,S12000008,East Ayrshire, ,255398,624935,-4.29057,55.49674,1273186890.56424,276607.297356212,245f41d6-0439-4981-8769-295df9544f8f
311,S12000010,East Lothian, ,354854,672351,-2.72435,55.94207,678377929.808701,149383.831751217,d8cad5b1-64c1-4688-8921-4121f39dec60
312,S12000011,East Renfrewshire, ,251930,653115,-4.36058,55.74868,175673851.673294,75235.2933177007,40b90bd5-8724-4057-a26b-181b34b3e8ae
313,S12000013,Na h-Eileanan Siar, ,126473,932862,-6.65722,58.19938,3001413530.52214,1666321.22064957,2ef811b0-f706-4d92-880b-361f9042be64
314,S12000014,Falkirk, ,285585,680170,-3.83619,56.00077,296654746.32341,117864.757040862,06159c95-0b60-48e5-9f40-c89c64e8fd28
315,S12000017,Highland, ,241018,858292,-4.66103,57.58657,26116272766.2701,3179845.83312602,43322b89-dc05-406f-8439-df3c11f51ac6
316,S12000018,Inverclyde, ,227922,670894,-4.75387,55.9003,162791287.989655,60961.2474686693,9938ed67-e931-4772-b8e2-4ce1e3425b4c
317,S12000019,Midlothian, ,330088,659217,-3.11738,55.82111,354813256.347198,110234.868394774,c92edac5-2940-49e0-8ad1-856473c96c99
318,S12000020,Moray, ,328015,843590,-3.20202,57.4768,2243259858.97639,356235.212886569,3180ce6f-9fc9-417a-bc9c-8d37192e2953
319,S12000021,North Ayrshire, ,228996,651640,-4.7246,55.72789,879907530.623138,255150.280610332,7074ebe3-aec0-4e92-a42e-bfcc85e51a23
320,S12000023,Orkney Islands, ,348293,1006584,-2.90025,58.94334,996250577.754013,771692.595787553,a45ee75a-cb40-4d90-8b84-b4582c928ebb
321,S12000026,Scottish Borders, ,345889,626137,-2.85869,55.52595,4743970234.92644,430326.106904029,539125f7-c9da-4c9a-b9f4-afa145c7a4bb
322,S12000027,Shetland Islands, ,434516,1180307,-1.37344,60.50495,1435011008.26147,1195086.44709398,a77331f3-3c0e-4bdd-9ee3-150fa335acdd
323,S12000028,South Ayrshire, ,226545,596271,-4.72899,55.23008,1224187115.81487,252238.832575227,8c0c613f-d376-428a-8cac-aa75cc611827
324,S12000029,South Lanarkshire, ,284634,636071,-3.83272,55.60453,1771550692.59206,247588.5880372,0724c993-3709-4233-bf76-16706b93ad2f
325,S12000030,Stirling, ,255980,708769,-4.32595,56.24953,2259083512.44484,286927.688634678,13f55e22-dc65-440f-afb9-95e16cebe4fd
326,S12000033,Aberdeen City, ,387763,808479,-2.20398,57.16697,186394562.186249,88336.0456949249,a7482e3f-120f-4437-b93a-2abcd91aed75
327,S12000034,Aberdeenshire, ,352284,816277,-2.79208,57.23469,6319963090.83017,561955.893713922,c93f91c9-f2a2-4f33-954b-11b31df28bca
328,S12000035,Argyll and Bute, ,200740,715443,-5.22114,56.28944,6950475583.34025,2204274.04843017,9098d440-d121-4e09-bc50-856e1451767f
329,S12000036,City of Edinburgh, ,320193,669417,-3.27826,55.9112,263287530.588562,88862.6954424085,d39e9d0f-b565-4264-8694-fd5d746aeea7
330,S12000038,Renfrewshire, ,239305,664698,-4.56834,55.84862,269214145.695511,89241.1687484062,fdf1d70d-3079-4859-b314-12382342b25b
331,S12000039,West Dunbartonshire, ,242904,681586,-4.52074,56.0014,179410610.236465,72678.0137913466,a0d8da79-2076-4f6c-9aaf-6b973db22286
332,S12000040,West Lothian, ,299483,668514,-3.60909,55.8992,427102876.955292,113066.33564992,1642476b-5d37-46e3-a527-298b4a62df6b
333,S12000041,Angus, ,345506,759636,-2.8921,56.72518,2194035226.88242,244265.334715646,9e1f6d59-7c1c-4c2a-8c18-0d77fef5779a
334,S12000042,Dundee City, ,340291,732145,-2.97095,56.4776,57825427.1039124,39639.0144540776,61fe9399-1d96-4032-8197-9ee1d22e4987
335,S12000045,East Dunbartonshire, ,261240,676154,-4.22417,55.95829,174167614.36441,83226.1959972311,f42c82e1-e206-479a-b1da-4e84622e16a4
336,S12000047,Fife, ,339187,704721,-2.98251,56.23112,1322413844.77225,248945.471098253,b4cf97f3-eddd-4a9e-aca9-0b47dc9a6c2b
337,S12000048,Perth and Kinross, ,284302,744185,-3.88484,56.57528,5385251160.6488,483321.38091579,b8da0345-269e-4fbe-b0ab-4ed0f709817b
338,S12000049,Glasgow City, ,261534,667033,-4.21479,55.87649,178529587.283203,87927.9102857812,7652a0e8-e0f1-4c01-bc5a-d2ef9e61365c
339,S12000050,North Lanarkshire, ,277984,665608,-3.9514,55.86814,469803303.88121,138701.238003776,ca122ada-5466-464a-9036-e79039fe6a63
340,W06000001,Isle of Anglesey,Ynys Môn,245217,378331,-4.32298,53.27931,708333147.539711,208462.183038452,9799b9ba-da4c-47f7-86cb-85416a92e120
341,W06000002,Gwynedd,Gwynedd,280555,334966,-3.77715,52.89883,2549541878.35799,429749.336822028,4274c4b9-c6f0-4ad1-99e8-331089ff6546
342,W06000003,Conwy,Conwy,283293,362563,-3.74646,53.14739,1136885741.03116,196009.191089006,0fcdf928-e8a0-40ac-aef2-1859a4d3787a
343,W06000004,Denbighshire,Sir Ddinbych,309843,355416,-3.34761,53.08833,834278706.945213,188183.276326017,256a4dcf-a6c8-4c16-90b4-3e1a25922cc6
344,W06000005,Flintshire,Sir y Fflint,321134,369280,-3.18248,53.21471,435981524.266083,137017.103217429,0e87156d-2f48-45d4-b641-bab0fbaef7fd
345,W06000006,Wrexham,Wrecsam,333523,345387,-2.99203,53.00167,506884972.797775,155285.248832942,1ca2d652-3acf-425e-ba5c-578951a26f19
346,W06000008,Ceredigion,Ceredigion,267127,268437,-3.94993,52.29795,1782598581.49844,260652.931979455,133822ce-dac2-42b8-95e6-40797f88960a
347,W06000009,Pembrokeshire,Sir Benfro,199821,221392,-4.90818,51.85513,1626511903.82452,372670.614028778,4c86adfd-1395-43b6-a04b-38ff6fe2aceb
348,W06000010,Carmarthenshire,Sir Gaerfyrddin,247955,224133,-4.21109,51.89495,2368429262.12495,317261.793678574,ce21d6b0-66d6-48f9-84f1-e721d8e63208
349,W06000011,Swansea,Abertawe,264022,197308,-3.96723,51.65806,376516236.037624,154395.873976696,6dcb42d4-784d-4ac6-8a22-4da96adb12ce
350,W06000012,Neath Port Talbot,Castell-nedd Port Talbot,279261,195412,-3.74638,51.6445,448022989.116856,121359.199120402,cae3f205-4c00-4b27-897f-14c26b36e028
351,W06000013,Bridgend,Pen-y-bont ar Ogwr,288231,185870,-3.61375,51.5606,249582321.202026,76696.219490079,1803ce3c-6178-41f3-a98b-1ead381ab419
352,W06000014,Vale of Glamorgan,Bro Morgannwg,302947,173080,-3.39801,51.44836,330462445.246517,90397.2108657341,f49bdc72-cde1-48ee-a5fe-11683a792aa3
353,W06000015,Cardiff,Caerdydd,315272,178887,-3.22209,51.50254,142291275.575809,60169.4971520259,74604503-0d8d-4be3-b99e-fe8239a138a0
354,W06000016,Rhondda Cynon Taf,Rhondda Cynon Taf,302237,192395,-3.41359,51.62185,422367629.263126,112311.500463607,54eb49f7-da5d-4062-be34-77922fc60490
355,W06000018,Caerphilly,Caerffili,317245,195259,-3.19753,51.65001,277812177.475685,98223.9790530805,ffcec565-3445-4a6b-a004-8649a30308ee
356,W06000019,Blaenau Gwent,Blaenau Gwent,318236,206771,-3.18592,51.75364,109273377.834789,58166.9354906293,fb936d8d-c585-4a90-9e79-e5982272f950
357,W06000020,Torfaen,Torfaen,327459,200480,-3.05101,51.69836,125718310.474266,68470.4790201423,46e76576-e489-49b7-a543-86e96c834c1f
358,W06000021,Monmouthshire,Sir Fynwy,337812,209231,-2.9028,51.77827,855039406.477077,183155.563373825,91ae20af-2f90-4bd3-8acf-8013ad4f2182
359,W06000022,Newport,Casnewydd,337897,187432,-2.89769,51.58231,191835512.290451,87840.542999379,0f232afa-5a35-433b-b700-984038265f06
360,W06000023,Powys,Powys,302329,273254,-3.43531,52.34863,5199673584.2798,504284.661046015,30441aa8-f90f-41c4-946a-c8454605be4c
361,W06000024,Merthyr Tydfil,Merthyr Tudful,305916,206404,-3.36425,51.7484,113429686.250568,59176.467397197,2a5ab405-d9f9-400e-8532-ea683dc5e4a9
